{
  "layer": 28,
  "K": 30,
  "C": 0.5,
  "n_readers": 70,
  "models": {
    "M0": {
      "test_auroc": 0.6411450429540628,
      "n_features": 1
    },
    "M1": {
      "test_auroc": 0.6862578283197879,
      "n_features": 71
    },
    "M2": {
      "test_auroc": 0.6867032429520353,
      "n_features": 140
    },
    "M2K": {
      "test_auroc": 0.6866340942167233,
      "n_features": 100
    },
    "M3": {
      "test_auroc": 0.6911995798415194,
      "n_features": 2170
    }
  },
  "delta_M3_M2K_ci": [
    0.0009154223483075124,
    0.004680552472030919,
    0.00819178636997241
  ],
  "delta_M2K_M1_ci": [
    -1.755842791205661e-05,
    0.0003817830331057648,
    0.0008155340872133569
  ],
  "real_delta_M3_M2K": 0.004565485624796084,
  "null_delta_M3_M2K_mean": 0.004565582095378396,
  "null_delta_M3_M2K_std": 4.018706961034355e-07,
  "delta_M3_M2K_z": -0.23945792842386698
}