{
  "layer": 21,
  "K": 10,
  "C": 0.5,
  "n_readers": 70,
  "models": {
    "M0": {
      "test_auroc": 0.593844834984925,
      "n_features": 1
    },
    "M1": {
      "test_auroc": 0.6535397345944213,
      "n_features": 71
    },
    "M2": {
      "test_auroc": 0.6547256164554436,
      "n_features": 140
    },
    "M3": {
      "test_auroc": 0.6594201487110871,
      "n_features": 770
    }
  },
  "delta_M3_M2_ci": [
    0.0020638472724415274,
    0.004703711313124748,
    0.007229253245968062
  ],
  "real_delta_M3_M2": 0.004694532255643535,
  "null_delta_M3_M2_mean": 0.0046945259391174,
  "null_delta_M3_M2_std": 6.87214805540824e-08,
  "delta_M3_M2_z": 0.09059655769322128
}