{
  "layer": 21,
  "K": 30,
  "C": 0.5,
  "n_readers": 70,
  "models": {
    "M0": {
      "test_auroc": 0.6604346230194551,
      "n_features": 1
    },
    "M1": {
      "test_auroc": 0.6999367884165231,
      "n_features": 71
    },
    "M2": {
      "test_auroc": 0.7007625880864465,
      "n_features": 140
    },
    "M2K": {
      "test_auroc": 0.7007521543335765,
      "n_features": 100
    },
    "M3": {
      "test_auroc": 0.7083905438340734,
      "n_features": 2170
    }
  },
  "delta_M3_M2K_ci": [
    0.004178918420259114,
    0.007808738569222207,
    0.011039210617971359
  ],
  "delta_M2K_M1_ci": [
    -0.00011172867525364441,
    0.0008400186573920276,
    0.00170503349695523
  ],
  "real_delta_M3_M2K": 0.007638389500496889,
  "null_delta_M3_M2K_mean": 0.007634769365328631,
  "null_delta_M3_M2K_std": 3.62963940608202e-06,
  "delta_M3_M2K_z": 0.997106780198081
}