{
  "layer": 21,
  "K": 30,
  "C": 0.5,
  "n_readers": 70,
  "models": {
    "M0": {
      "test_auroc": 0.6612428742310568,
      "n_features": 1
    },
    "M1": {
      "test_auroc": 0.7020301483738995,
      "n_features": 71
    },
    "M2": {
      "test_auroc": 0.7027200910492418,
      "n_features": 140
    },
    "M2K": {
      "test_auroc": 0.7029638189990145,
      "n_features": 100
    },
    "M3": {
      "test_auroc": 0.711314119287437,
      "n_features": 2170
    }
  },
  "delta_M3_M2K_ci": [
    0.0049575896198186115,
    0.008416404735753391,
    0.011849161922754311
  ],
  "delta_M2K_M1_ci": [
    0.00024312016835847938,
    0.0009353752953661365,
    0.0016629103209954697
  ],
  "real_delta_M3_M2K": 0.00835030028842254,
  "null_delta_M3_M2K_mean": 0.008350193098886526,
  "null_delta_M3_M2K_std": 3.7930852422095465e-07,
  "delta_M3_M2K_z": 0.28184889159168575
}