{
  "model": "Qwen/Qwen2.5-7B-Instruct",
  "layer": 21,
  "personas": [
    "neutral",
    "cynic",
    "romantic",
    "stoic",
    "thrill_seeker",
    "critic"
  ],
  "axis_cosine_matrix": [
    [
      1.000000238418579,
      0.9781924486160278,
      0.9815619587898254,
      0.9810011386871338,
      0.9789841175079346,
      0.9738069772720337
    ],
    [
      0.9781924486160278,
      1.0000003576278687,
      0.9969872236251831,
      0.9975130558013916,
      0.9967557191848755,
      0.9952150583267212
    ],
    [
      0.9815619587898254,
      0.9969872236251831,
      0.9999998807907104,
      0.9971590638160706,
      0.9968044757843018,
      0.995140016078949
    ],
    [
      0.9810011386871338,
      0.9975130558013916,
      0.9971590638160706,
      1.0,
      0.9968569874763489,
      0.995442807674408
    ],
    [
      0.9789841175079346,
      0.9967557191848755,
      0.9968044757843018,
      0.9968569874763489,
      0.9999998807907104,
      0.9941015839576721
    ],
    [
      0.9738069772720337,
      0.9952150583267212,
      0.995140016078949,
      0.995442807674408,
      0.9941015839576721,
      0.9999998211860657
    ]
  ],
  "persona_register_projection_on_own_axis": {
    "neutral": {
      "neutral": 3.814697265625e-05,
      "understated": 130.9158172607422,
      "dramatic": 414.65771484375,
      "melodramatic": 419.4940185546875
    },
    "cynic": {
      "neutral": 1.1761982932512183e-05,
      "understated": 16.849077224731445,
      "dramatic": 68.05967712402344,
      "melodramatic": 71.08272552490234
    },
    "romantic": {
      "neutral": 1.9073486328125e-05,
      "understated": 18.692827224731445,
      "dramatic": 75.38520050048828,
      "melodramatic": 78.19429779052734
    },
    "stoic": {
      "neutral": 2.225239995823358e-06,
      "understated": 18.23539161682129,
      "dramatic": 74.05683135986328,
      "melodramatic": 77.62785339355469
    },
    "thrill_seeker": {
      "neutral": -9.377797141496558e-06,
      "understated": 18.14974021911621,
      "dramatic": 72.34871673583984,
      "melodramatic": 75.80855560302734
    },
    "critic": {
      "neutral": -1.1285145774309058e-05,
      "understated": 14.996143341064453,
      "dramatic": 61.78865432739258,
      "melodramatic": 63.88364791870117
    }
  },
  "min_offdiag_cosine": 0.9738069772720337,
  "mean_offdiag_cosine": 0.9903681755065918,
  "note": "High off-diagonal cosine => personas share a drama axis (threshold shift, H1). Lower cosine => persona rotates the drama direction (H2)."
}